{"initial_reset_timestamp": 1674590088.8232703, "timestamps": [1674590089.5804505], "episode_lengths": [1005], "episode_rewards": [-21.0], "episode_types": ["t"]}