{"initial_reset_timestamp": 1674587220.5631404, "timestamps": [1674587221.429931], "episode_lengths": [1184], "episode_rewards": [-21.0], "episode_types": ["t"]}