{"initial_reset_timestamp": 1674588658.5633106, "timestamps": [1674588659.3301613], "episode_lengths": [1016], "episode_rewards": [-21.0], "episode_types": ["t"]}