{"initial_reset_timestamp": 1674585061.4772544, "timestamps": [1674585062.4791143], "episode_lengths": [1419], "episode_rewards": [-20.0], "episode_types": ["t"]}