{"initial_reset_timestamp": 1674586497.7785685, "timestamps": [1674586498.6506274], "episode_lengths": [1185], "episode_rewards": [-20.0], "episode_types": ["t"]}