{"initial_reset_timestamp": 1674584339.3185685, "timestamps": [1674584341.2208955], "episode_lengths": [1010], "episode_rewards": [-21.0], "episode_types": ["t"]}