{"initial_reset_timestamp": 1674585780.07127, "timestamps": [1674585780.8422828], "episode_lengths": [1038], "episode_rewards": [-21.0], "episode_types": ["t"]}