{"initial_reset_timestamp": 1674589376.9352407, "timestamps": [1674589377.7094324], "episode_lengths": [1012], "episode_rewards": [-21.0], "episode_types": ["t"]}