{"initial_reset_timestamp": 1674583821.6194525, "timestamps": [1674583822.4254458], "episode_lengths": [1094], "episode_rewards": [-21.0], "episode_types": ["t"]}