{"initial_reset_timestamp": 1674587941.5757992, "timestamps": [1674587942.3530266], "episode_lengths": [1025], "episode_rewards": [-21.0], "episode_types": ["t"]}