{"initial_reset_timestamp": 1674583101.3327436, "timestamps": [1674583102.1220033], "episode_lengths": [1027], "episode_rewards": [-21.0], "episode_types": ["t"]}