{"initial_reset_timestamp": 1674582381.164749, "timestamps": [1674582383.181859], "episode_lengths": [1014], "episode_rewards": [-21.0], "episode_types": ["t"]}